<ImportExportXml version="8.2.0002.1559" SolutionPackageVersion="8.2" languagecode="1033" generatedBy="CrmLive" xmlns:xsi="http://www.w3.org/2001/XMLSchema-instance">
  <SolutionManifest>
    <UniqueName>MicrosoftLabsAzuereBlobStorage</UniqueName>
    <LocalizedNames>
      <LocalizedName description="MicrosoftLabs.AttachmentManagement" languagecode="1033" />
    </LocalizedNames>
    <Descriptions>
      <Description description="Managed solution to store CRM attachments into Azure Blob Storage.&#xA;Version 1.7.0.2 -  a) Resolved email attachment counts issue (which are moved to Azure storage blob) in Reports and Admin Form. b) Email Attachments were not moving if we can click on &quot;MoveToBlob&quot; button in 1.7.0.1 release, resolved this issue as well.&#xA;Version 1.7.0.3 -  In NoteAttachmentEntitySettings - when we are selecting all the entities and saving it, it was giving error. we have fixed the bug.&#xA;Version 1.7.0.4 -  In ReportsAndAdmin Page - when Attachments are big in size to calculate the count it was throwing error, now instead of that we are showing one message with logic app link.&#xA;Version 1.7.0.5 -  Preview of attachments was not working in custom web resources (&quot;FilesandAttachments&quot; and &quot;MultipleUploads&quot;), when container type is &quot;private&quot;. In this release this issue is resolved.&#xA;Version 1.7.0.6 -  Rolling back the &quot;Preview&quot; changes in custom web resource (&quot;FilesandAttachments&quot; and &quot;MultipleUploads&quot;) for &quot;Private&quot; blob due to security concerns.  &#xA;Note: Preview functionality will work only for container  with  public access level as &quot;Blob&quot; and it will not work if it is &quot;Private&quot;.&#xA;Version 1.7.0.7 -  while updating Note's Title/Description, respective attachment was getting deleted in azure and it's been resolved in this version.&#xA;Version 1.7.0.8 -  Restriction of blobs deletion, when the data copied from one instance to another instance. But make sure to use run Tool_updatemetada before proceeding further" languagecode="1033" />
    </Descriptions>
    <Version>1.7.0.8</Version>
    <Managed>1</Managed>
    <Publisher>
      <UniqueName>microsoftdynamics</UniqueName>
      <LocalizedNames>
        <LocalizedName description="Dynamics 365" languagecode="1033" />
        <LocalizedName description="Microsoft Dynamics" languagecode="1036" />
      </LocalizedNames>
      <Descriptions>
        <Description description="Microsoft Dynamics 365" languagecode="1033" />
      </Descriptions>
      <EMailAddress>fpssa@microsoft.com</EMailAddress>
      <SupportingWebsiteUrl>http://crm.dynamics.com</SupportingWebsiteUrl>
      <CustomizationPrefix>msdyn</CustomizationPrefix>
      <CustomizationOptionValuePrefix>19235</CustomizationOptionValuePrefix>
      <Addresses>
        <Address>
          <AddressNumber>1</AddressNumber>
          <AddressTypeCode xsi:nil="true"></AddressTypeCode>
          <City xsi:nil="true"></City>
          <County xsi:nil="true"></County>
          <Country xsi:nil="true"></Country>
          <Fax xsi:nil="true"></Fax>
          <FreightTermsCode xsi:nil="true"></FreightTermsCode>
          <ImportSequenceNumber xsi:nil="true"></ImportSequenceNumber>
          <Latitude xsi:nil="true"></Latitude>
          <Line1 xsi:nil="true"></Line1>
          <Line2 xsi:nil="true"></Line2>
          <Line3 xsi:nil="true"></Line3>
          <Longitude xsi:nil="true"></Longitude>
          <Name xsi:nil="true"></Name>
          <PostalCode xsi:nil="true"></PostalCode>
          <PostOfficeBox xsi:nil="true"></PostOfficeBox>
          <PrimaryContactName xsi:nil="true"></PrimaryContactName>
          <ShippingMethodCode xsi:nil="true"></ShippingMethodCode>
          <StateOrProvince xsi:nil="true"></StateOrProvince>
          <Telephone1 xsi:nil="true"></Telephone1>
          <Telephone2 xsi:nil="true"></Telephone2>
          <Telephone3 xsi:nil="true"></Telephone3>
          <TimeZoneRuleVersionNumber xsi:nil="true"></TimeZoneRuleVersionNumber>
          <UPSZone xsi:nil="true"></UPSZone>
          <UTCOffset xsi:nil="true"></UTCOffset>
          <UTCConversionTimeZoneCode xsi:nil="true"></UTCConversionTimeZoneCode>
        </Address>
        <Address>
          <AddressNumber>2</AddressNumber>
          <AddressTypeCode xsi:nil="true"></AddressTypeCode>
          <City xsi:nil="true"></City>
          <County xsi:nil="true"></County>
          <Country xsi:nil="true"></Country>
          <Fax xsi:nil="true"></Fax>
          <FreightTermsCode xsi:nil="true"></FreightTermsCode>
          <ImportSequenceNumber xsi:nil="true"></ImportSequenceNumber>
          <Latitude xsi:nil="true"></Latitude>
          <Line1 xsi:nil="true"></Line1>
          <Line2 xsi:nil="true"></Line2>
          <Line3 xsi:nil="true"></Line3>
          <Longitude xsi:nil="true"></Longitude>
          <Name xsi:nil="true"></Name>
          <PostalCode xsi:nil="true"></PostalCode>
          <PostOfficeBox xsi:nil="true"></PostOfficeBox>
          <PrimaryContactName xsi:nil="true"></PrimaryContactName>
          <ShippingMethodCode xsi:nil="true"></ShippingMethodCode>
          <StateOrProvince xsi:nil="true"></StateOrProvince>
          <Telephone1 xsi:nil="true"></Telephone1>
          <Telephone2 xsi:nil="true"></Telephone2>
          <Telephone3 xsi:nil="true"></Telephone3>
          <TimeZoneRuleVersionNumber xsi:nil="true"></TimeZoneRuleVersionNumber>
          <UPSZone xsi:nil="true"></UPSZone>
          <UTCOffset xsi:nil="true"></UTCOffset>
          <UTCConversionTimeZoneCode xsi:nil="true"></UTCConversionTimeZoneCode>
        </Address>
      </Addresses>
    </Publisher>
    <RootComponents>
      <RootComponent type="1" schemaName="msdyn_attachmentprocessrecords" behavior="0" />
      <RootComponent type="1" schemaName="msdyn_azureblobstoragesetting" behavior="0" />
      <RootComponent type="1" schemaName="msdyn_notesattachmententitysetting" behavior="0" />
      <RootComponent type="29" id="{8cbc1dce-aee1-484e-b586-b18a41a2f1cf}" behavior="0" />
      <RootComponent type="29" id="{b989f09c-70e7-4954-ad6a-5e6ff4e94829}" behavior="0" />
      <RootComponent type="29" id="{fb493b90-915d-46ae-92fb-a79798d55e9b}" behavior="0" />
      <RootComponent type="60" id="{08f75555-b23c-4ff5-9f3a-8fd958bca56a}" behavior="0" />
      <RootComponent type="60" id="{352958fe-1324-49ea-90b3-e3c689585b6a}" behavior="0" />
      <RootComponent type="61" schemaName="msdyn_attachmentlogo" behavior="0" />
      <RootComponent type="61" schemaName="msdyn_azureAttachmentConfiguration" behavior="0" />
      <RootComponent type="61" schemaName="msdyn_azureAttachmentReporting" behavior="0" />
      <RootComponent type="61" schemaName="msdyn_AzureBlobStorageSetup32" behavior="0" />
      <RootComponent type="61" schemaName="msdyn_AzureStorage32X32_Updated" behavior="0" />
      <RootComponent type="61" schemaName="msdyn_AzureStorage_Updated" behavior="0" />
      <RootComponent type="61" schemaName="msdyn_busy_indicator" behavior="0" />
      <RootComponent type="61" schemaName="msdyn_deleteIcon" behavior="0" />
      <RootComponent type="61" schemaName="msdyn_DownloadIcon" behavior="0" />
      <RootComponent type="61" schemaName="msdyn_filesandattachments" behavior="0" />
      <RootComponent type="61" schemaName="msdyn_jquery_2.2.1.min.js" behavior="0" />
      <RootComponent type="61" schemaName="msdyn_multiple_uploads" behavior="0" />
      <RootComponent type="61" schemaName="msdyn_notesattachmententitysettings" behavior="0" />
      <RootComponent type="61" schemaName="msdyn_notesattachmententitysettings_image" behavior="0" />
      <RootComponent type="61" schemaName="msdyn_ReportIcon" behavior="0" />
      <RootComponent type="61" schemaName="msdyn_webapisdkhelper" behavior="0" />
      <RootComponent type="62" behavior="0" />
      <RootComponent type="91" schemaName="MicrosoftLabs.AttachmentManagement.Plugins, Version=1.0.0.0, Culture=neutral, PublicKeyToken=535de8cd49e5d642" behavior="0" />
      <RootComponent type="92" id="{1de7dfea-0dd9-e611-8100-3863bb36dd00}" behavior="0" />
      <RootComponent type="92" id="{3acc5d9b-0293-e711-80fc-3863bb3630a8}" behavior="0" />
      <RootComponent type="92" id="{446a7f51-0dd9-e611-8102-3863bb3c01d0}" behavior="0" />
      <RootComponent type="92" id="{520f5607-ff92-e711-80fa-3863bb3cc560}" behavior="0" />
      <RootComponent type="92" id="{590d5860-0cd9-e611-8102-3863bb3c01d0}" behavior="0" />
      <RootComponent type="92" id="{5a9db902-2fa4-e711-80fc-3863bb3cc560}" behavior="0" />
      <RootComponent type="92" id="{838c024a-0cd9-e611-8102-3863bb3c01d0}" behavior="0" />
      <RootComponent type="92" id="{a3eb5773-0cd9-e611-8102-3863bb3c01d0}" behavior="0" />
      <RootComponent type="92" id="{c1c0792f-0dd9-e611-8102-3863bb3c01d0}" behavior="0" />
      <RootComponent type="92" id="{cb7c21aa-bb96-e711-80fd-3863bb3630a8}" behavior="0" />
      <RootComponent type="92" id="{ce9a14b5-0dd9-e611-8100-3863bb36dd00}" behavior="0" />
      <RootComponent type="92" id="{cf40ea95-0cd9-e611-8102-3863bb3c01d0}" behavior="0" />
      <RootComponent type="92" id="{e6316793-8b73-e711-80f7-3863bb3c0560}" behavior="0" />
      <RootComponent type="92" id="{e671a1cf-0cd9-e611-8102-3863bb3c01d0}" behavior="0" />
      <RootComponent type="92" id="{fca13840-0dd9-e611-8102-3863bb3c01d0}" behavior="0" />
    </RootComponents>
    <MissingDependencies />
  </SolutionManifest>
</ImportExportXml>